id;name;creation_date;modified_date
1;upon;2024-01-30T06:29:00;2024-01-30T18:49:00
2;face tippex;2024-01-30T18:14:08;2024-01-29T20:33:10
3;trained yowza required;2024-01-30T17:02:16;2024-01-30T17:48:33
4;cooperate ferment;2024-01-30T06:22:12;2024-01-30T18:35:51
5;yippee wherever causeway;2024-01-29T23:38:50;2024-01-30T09:27:37
6;whoever;2024-01-30T02:53:41;2024-01-30T12:58:05
7;familiar gravity;2024-01-30T04:14:29;2024-01-30T08:42:14
8;filing;2024-01-30T15:26:56;2024-01-30T12:22:29
9;infer;2024-01-30T14:03:36;2024-01-29T23:06:29
10;advantage;2024-01-30T15:25:10;2024-01-29T20:58:37
